{
    "order_1": [
        1.6546830498243077,
        -0.00041304932341702956,
        2.4782791247710095e-07,
        -3.823600486170888e-11,
        -2.2978755057077567e-21,
        -8.699450943557113e-32
    ],
    "order_2": [
        1.4230334229554489,
        -0.00027577853923694645,
        1.069303976956618e-07,
        -8.174240786797328e-12,
        -5.74403861546861e-22,
        -2.4952839528529875e-32
    ],
    "order_3": [
        1.1556465162237346,
        -0.00019855866015577696,
        9.185768356119812e-08,
        -8.309390887810177e-12,
        -3.773071390570185e-22,
        -1.0501639023249401e-32
    ],
    "order_4": [
        0.9815255970385887,
        -0.00018434287450606898,
        8.863957425291771e-08,
        -1.0077158266927345e-11,
        -3.9506171522847716e-22,
        -9.604003979686825e-33
    ],
    "order_5": [
        0.8317232992262572,
        -0.000348728808015372,
        1.7158960592984015e-07,
        -2.051291102686074e-11,
        -7.531367139192882e-22,
        -1.7228862035157008e-32
    ],
    "order_6": [
        0.4644992309587533,
        -0.00014150295236066543,
        1.0659468176502125e-07,
        -1.3614842661692186e-11,
        -6.117712581938672e-22,
        -1.6203854484155168e-32
    ],
    "order_7": [
        0.7030438452796647,
        -0.00026671556157600276,
        1.24997860916972e-07,
        -1.6431285284015704e-11,
        -6.761865687519724e-22,
        -1.7395916859030797e-32
    ],
    "order_8": [
        0.4342904543705011,
        -0.00025388539141996103,
        1.1713658231756878e-07,
        -1.5066430394201946e-11,
        -6.306907377720084e-22,
        -1.6248162665354184e-32
    ],
    "order_9": [
        0.20234335509731075,
        -5.9062600567218824e-05,
        3.221429354287178e-08,
        -3.971297117305211e-12,
        -1.492714797192536e-22,
        -3.5107614554670374e-33
    ],
    "order_10": [
        0.2957554831986075,
        -0.0002525548923072733,
        1.0289429750856098e-07,
        -1.2899231021165945e-11,
        -5.528809463453425e-22,
        -1.417816923867728e-32
    ],
    "order_12": [
        -0.3160882334547494,
        0.0003250552118478184,
        -1.520279655946719e-07,
        2.002004609862e-11,
        7.192616962271158e-22,
        1.6424036699364093e-32
    ],
    "order_13": [
        -0.6110006935569551,
        0.0004813830057276682,
        -2.2278267153619207e-07,
        3.101875460143119e-11,
        1.1012305436248474e-21,
        2.4803860111820546e-32
    ],
    "order_14": [
        -1.653389374642698,
        0.0018943588884363465,
        -7.92688759071777e-07,
        1.0058005321890614e-10,
        3.66864006614266e-21,
        8.481227861555943e-32
    ]
}